id,category,text
1,Product Description,"Experience unparalleled sound quality with the SmartHome thermostat, featuring noise cancellation and 18-hour battery life."
2,Product Description,The AeroBlade vacuum cleaner offers wireless charging and an ergonomic design perfect for everyday use.
3,Customer Review,I highly recommend the FlexWatch for anyone needing reliable and durable equipment.
4,Job Posting,"Hiring a marketing manager skilled in graphic design, Python to join a dynamic team focused on innovation."
5,User Manual,"To reset the device, press and hold the power button for 10 seconds until the LED flashes."
6,User Manual,"To reset the device, press and hold the power button for 20 seconds until the LED flashes."
7,User Manual,Install the app from the store and follow on-screen instructions to set up your device.
8,Job Posting,"Seeking experienced marketing manager with knowledge of Python, data analysis and strong communication skills."
9,Product Description,"Experience unparalleled sound quality with the EchoSphere earbuds, featuring noise cancellation and 10-hour battery life."
10,Health & Fitness,Regular cardio improves heart health and boosts mental clarity.
11,E-commerce FAQ,Q: What is the return policy? A: Items can be returned within 30 days with a receipt.
12,Historical Event,the fall of the Berlin Wall marked a significant turning point in Kyoto's history.
13,Travel Guide,A scenic trail near New York offers breathtaking views for hikers.
14,Health & Fitness,strength training and meditation help reduce stress and increase flexibility.
15,Educational Content,The water cycle is a fundamental process in biology that involves performing calculations with numbers.
16,Travel Guide,A scenic trail near Berlin offers breathtaking views for hikers.
17,Movie Synopsis,"In a world affected by cancer immunotherapy, a group of skilled heroes embarks on a journey to save humanity."
18,Travel Guide,Explore Bangkok's vibrant markets and historical sites on your next trip.
19,Scientific Abstract,"This study examines the impact of urbanization effects on marine ecosystems, revealing significant findings."
20,Job Posting,"Hiring a software engineer skilled in data analysis, cloud computing to join a dynamic team focused on innovation."
21,Legal Document,This agreement is made between Party B and Party B outlining terms of service.
22,E-commerce FAQ,"Q: Are there size charts available? A: Yes, size charts are provided on each product page."
23,Health & Fitness,strength training and meditation help reduce stress and increase flexibility.
24,Educational Content,Basic principles of STEM include the scientific method.
25,Health & Fitness,Regular cardio improves heart health and boosts mental clarity.
26,Customer Review,I highly recommend the FlexWatch for anyone needing reliable and durable equipment.
27,Educational Content,Basic principles of environmental science include cause and effect relationships.
28,Historical Event,The legacy of the Declaration of Independence continues to influence modern STEM.
29,Product Description,The FlexWatch offers wireless charging and an ergonomic design perfect for everyday use.
30,E-commerce FAQ,"Q: Are there size charts available? A: Yes, size charts are provided on each product page."
31,Customer Review,The AeroBlade vacuum cleaner exceeded my expectations with its reliable design and performance.
32,Travel Guide,A scenic trail near San Francisco offers breathtaking views for hikers.
33,Health & Fitness,Regular strength training improves heart health and boosts mental clarity.
34,Scientific Abstract,Analysis of population statistics provides insight into environmental changes over time.
35,Travel Guide,"Discover the best spots in Bangkok, from cultural landmarks to local cuisine."
36,Health & Fitness,yoga and meditation help reduce stress and increase flexibility.
37,Job Posting,"Seeking experienced graphic designer with knowledge of Python, cloud computing and strong communication skills."
38,Historical Event,The legacy of the Declaration of Independence continues to influence modern environmental science.
39,Movie Synopsis,"When the Declaration of Independence threatens the realm, students must unite to restore peace."
40,Legal Document,This agreement is made between Company Y and Company X outlining terms of service.
41,User Manual,Navigate menus using the touchscreen; swipe left to access more features.
42,Job Posting,"Seeking experienced data analyst with knowledge of graphic design, data analysis and strong communication skills."
43,Scientific Abstract,Analysis of population statistics provides insight into environmental changes over time.
44,Scientific Abstract,Researchers propose a new method for treating diabetes based on recent trials.
45,Health & Fitness,Regular cardio improves heart health and boosts mental clarity.
46,Historical Event,"During 1776, the Alps experienced major social and political changes."
47,Product Description,The EchoSphere earbuds offers voice control and an ergonomic design perfect for everyday use.
48,Movie Synopsis,A captivating scientist must uncover secrets in the city shrouded in mystery.
49,Travel Guide,Explore Petra's vibrant markets and historical sites on your next trip.
50,Customer Review,I highly recommend the SmartHome thermostat for anyone needing reliable and durable equipment.
51,E-commerce FAQ,"Q: Does this jacket have waterproof capabilities? A: Yes, it is made with breathable waterproof fabric suitable for heavy rain."
52,Customer Review,Excellent customer service and fast delivery made this purchase a pleasure.
53,Customer Review,The SmartHome thermostat exceeded my expectations with its dynamic design and performance.
54,Scientific Abstract,Researchers propose a new method for treating diabetes based on recent trials.
55,User Manual,Navigate menus using the touchscreen; swipe left to access more features.
56,Travel Guide,A scenic trail near Petra offers breathtaking views for hikers.
57,Historical Event,the Renaissance marked a significant turning point in Kyoto's history.
58,Scientific Abstract,Researchers propose a new method for treating cancer based on recent trials.
59,Recipe,"Preheat the oven to 360째F. Mix spinach, chicken breasts, tomatoes in a bowl, then bake for 30 minutes."
60,Job Posting,"Hiring a data analyst skilled in cloud computing, Python to join a dynamic team focused on innovation."
61,News Article,The city council approved a new plan to improve urbanization effects and reduce emissions.
62,Health & Fitness,yoga and meditation help reduce stress and increase flexibility.
63,Legal Document,All parties agree to confidentiality and arbitration in case of disputes.
64,Health & Fitness,cardio and meditation help reduce stress and increase flexibility.
65,Movie Synopsis,A reliable scientist must uncover secrets in the city shrouded in mystery.
66,Book Review,'Galactic Odyssey' is a brave tale exploring themes of betrayal and identity.
67,Health & Fitness,Regular strength training improves heart health and boosts mental clarity.
68,Recipe,"Preheat the oven to 380째F. Mix spinach, chicken breasts, garlic in a bowl, then bake for 25 minutes."
69,Historical Event,The legacy of the Renaissance continues to influence modern literacy.
70,Product Description,The FlexWatch offers voice control and an ergonomic design perfect for everyday use.
71,Travel Guide,A scenic trail near Berlin offers breathtaking views for hikers.
72,Scientific Abstract,Analysis of population statistics provides insight into environmental changes over time.
73,News Article,Local schools launch programs to boost education in environmental science.
74,Educational Content,"Basic principles of literacy include addition, subtraction, multiplication, and division."
75,Customer Review,I highly recommend the AeroBlade vacuum cleaner for anyone needing reliable and durable equipment.
76,Job Posting,Join us as a marketing manager working on cutting-edge projects in education.
77,Legal Document,Licensing rights granted for a period of 7 years subject to renewal.
78,Product Description,The AeroBlade vacuum cleaner offers touchscreen display and an ergonomic design perfect for everyday use.
79,Movie Synopsis,A reliable musician must uncover secrets in the city shrouded in mystery.
80,Movie Synopsis,"When the Renaissance threatens the realm, students must unite to restore peace."
81,Educational Content,Basic principles of literacy include the scientific method.
82,Scientific Abstract,"This study examines the impact of microplastic pollution on rainforests, revealing significant findings."
83,E-commerce FAQ,"Q: Does this jacket have waterproof capabilities? A: Yes, it is made with breathable waterproof fabric suitable for heavy rain."
84,User Manual,"To reset the device, press and hold the power button for 20 seconds until the LED flashes."
85,Scientific Abstract,"This study examines the impact of climate change on coral reefs, revealing significant findings."
86,Product Description,The EchoSphere earbuds offers touchscreen display and an ergonomic design perfect for everyday use.
87,Legal Document,This agreement is made between Party B and Company Y outlining terms of service.
88,Job Posting,Join us as a software engineer working on cutting-edge projects in technology.
89,E-commerce FAQ,Q: How long does shipping take? A: Standard shipping takes 5-7 business days.
90,Educational Content,Basic principles of literacy include the scientific method.
91,Travel Guide,Explore Petra's vibrant markets and historical sites on your next trip.
92,E-commerce FAQ,Q: How long does shipping take? A: Standard shipping takes 5-7 business days.
93,Legal Document,All parties agree to confidentiality and arbitration in case of disputes.
94,Scientific Abstract,Analysis of population statistics provides insight into environmental changes over time.
95,Book Review,An engaging story about James navigating identity crisis with resilience.
96,Movie Synopsis,"When the Declaration of Independence threatens the realm, warriors must unite to restore peace."
97,Legal Document,Licensing rights granted for a period of 3 years subject to renewal.
98,Travel Guide,A scenic trail near the Alps offers breathtaking views for hikers.
99,Product Description,"Upgrade your setup with the FlexWatch, equipped with voice control and durable materials."
100,Product Description,"Upgrade your setup with the EchoSphere earbuds, equipped with touchscreen display and durable materials."
101,Product Description,The SmartHome thermostat offers voice control and an ergonomic design perfect for everyday use.
102,Health & Fitness,cardio and meditation help reduce stress and increase flexibility.
103,User Manual,Install the app from the store and follow on-screen instructions to set up your smartphone.
104,User Manual,Navigate menus using the touchscreen; swipe left to access more features.
105,Customer Review,Excellent customer service and fast delivery made this purchase a pleasure.
106,Recipe,"Combine tomatoes, blueberries, garlic with olive oil and bake until golden brown."
107,Educational Content,Basic principles of STEM include cause and effect relationships.
108,News Article,Local schools launch programs to boost education in STEM.
109,Scientific Abstract,"This study examines the impact of cancer immunotherapy on coral reefs, revealing significant findings."
110,User Manual,Navigate menus using the touchscreen; swipe left to access more features.
111,Book Review,An engaging story about Alice navigating loss with resilience.
112,News Article,The city council approved a new plan to improve cancer immunotherapy and reduce emissions.
113,Historical Event,the Moon landing marked a significant turning point in Kyoto's history.
114,Historical Event,the fall of the Berlin Wall marked a significant turning point in Berlin's history.
115,Movie Synopsis,"When the Declaration of Independence threatens the realm, warriors must unite to restore peace."
116,Movie Synopsis,"When the Declaration of Independence threatens the realm, heroes must unite to restore peace."
117,Scientific Abstract,Researchers propose a new method for treating diabetes based on recent trials.
118,Recipe,"Preheat the oven to 350째F. Mix tomatoes, blueberries, garlic in a bowl, then bake for 30 minutes."
119,Job Posting,"Hiring a data analyst skilled in graphic design, Python to join a dynamic team focused on innovation."
120,Product Description,The SmartHome thermostat offers energy efficiency and an ergonomic design perfect for everyday use.
121,Historical Event,the Declaration of Independence marked a significant turning point in Berlin's history.
122,Health & Fitness,cardio and meditation help reduce stress and increase flexibility.
123,Health & Fitness,A balanced diet rich in lean proteins supports overall wellness.
124,Recipe,Marinate chicken breasts with herbs and grill to perfection.
125,News Article,Scientists revealed breakthroughs in cancer immunotherapy that could revolutionize the industry.
126,Scientific Abstract,Analysis of population statistics provides insight into environmental changes over time.
127,News Article,Scientists revealed breakthroughs in urbanization effects that could revolutionize the industry.
128,Travel Guide,Explore Bangkok's vibrant markets and historical sites on your next trip.
129,Legal Document,This agreement is made between Party A and Party B outlining terms of service.
130,Book Review,'Mind Games' is a captivating tale exploring themes of resilience and betrayal.
131,Job Posting,"Hiring a marketing manager skilled in graphic design, data analysis to join a dynamic team focused on innovation."
132,Historical Event,"During 1961, Kyoto experienced major social and political changes."
133,User Manual,Install the app from the store and follow on-screen instructions to set up your device.
134,Job Posting,"Seeking experienced data analyst with knowledge of Python, cloud computing and strong communication skills."
135,Book Review,A captivating narrative blending science fiction elements with rich character development.
136,User Manual,Install the app from the store and follow on-screen instructions to set up your smartphone.
137,Job Posting,"Seeking experienced marketing manager with knowledge of Python, data analysis and strong communication skills."
138,Travel Guide,Explore Bangkok's vibrant markets and historical sites on your next trip.
139,Book Review,'The Silent Horizon' is a captivating tale exploring themes of betrayal and love.
140,Recipe,Marinate garlic with herbs and grill to perfection.
141,User Manual,"To reset the device, press and hold the power button for 20 seconds until the LED flashes."
142,Job Posting,Join us as a graphic designer working on cutting-edge projects in technology.
143,News Article,Local schools launch programs to boost education in literacy.
144,Recipe,Marinate chicken breasts with herbs and grill to perfection.
145,Customer Review,The AeroBlade vacuum cleaner exceeded my expectations with its unlikely design and performance.
146,Travel Guide,Explore New York's vibrant markets and historical sites on your next trip.
147,Customer Review,The FlexWatch exceeded my expectations with its captivating design and performance.
148,Health & Fitness,Regular cardio improves heart health and boosts mental clarity.
149,Health & Fitness,Regular cardio improves heart health and boosts mental clarity.
150,News Article,Scientists revealed breakthroughs in microplastic pollution that could revolutionize the industry.
151,User Manual,"To reset the device, press and hold the power button for 15 seconds until the LED flashes."
152,Recipe,"Combine chicken breasts, tomatoes, garlic with olive oil and bake until golden brown."
153,User Manual,"To reset the device, press and hold the power button for 15 seconds until the LED flashes."
154,Travel Guide,A scenic trail near San Francisco offers breathtaking views for hikers.
155,Job Posting,"Hiring a marketing manager skilled in graphic design, Python to join a dynamic team focused on innovation."
156,Movie Synopsis,A reliable musician must uncover secrets in the city shrouded in mystery.
157,Health & Fitness,Regular strength training improves heart health and boosts mental clarity.
158,Movie Synopsis,"When the Moon landing threatens the realm, heroes must unite to restore peace."
159,Movie Synopsis,"When the Moon landing threatens the realm, heroes must unite to restore peace."
160,Legal Document,Licensing rights granted for a period of 7 years subject to renewal.
161,User Manual,Navigate menus using the touchscreen; swipe left to access more features.
162,Historical Event,the Renaissance marked a significant turning point in Berlin's history.
163,Book Review,A captivating narrative blending science fiction elements with rich character development.
164,Job Posting,Join us as a graphic designer working on cutting-edge projects in finance.
165,Product Description,"Experience unparalleled sound quality with the SmartHome thermostat, featuring noise cancellation and 23-hour battery life."
166,Travel Guide,A scenic trail near Bangkok offers breathtaking views for hikers.
167,Customer Review,Excellent customer service and fast delivery made this purchase a pleasure.
168,Movie Synopsis,"In a world affected by cancer immunotherapy, a group of innovative heroes embarks on a journey to save humanity."
169,Job Posting,"Seeking experienced marketing manager with knowledge of data analysis, cloud computing and strong communication skills."
170,Legal Document,All parties agree to confidentiality and arbitration in case of disputes.
171,Health & Fitness,Regular yoga improves heart health and boosts mental clarity.
172,Customer Review,Excellent customer service and fast delivery made this purchase a pleasure.
173,Legal Document,All parties agree to confidentiality and arbitration in case of disputes.
174,Product Description,"Upgrade your setup with the AeroBlade vacuum cleaner, equipped with touchscreen display and durable materials."
175,News Article,The city council approved a new plan to improve microplastic pollution and reduce emissions.
176,Recipe,"Combine chicken breasts, tomatoes, garlic with olive oil and bake until golden brown."
177,Scientific Abstract,Researchers propose a new method for treating Alzheimer's disease based on recent trials.
178,Travel Guide,Explore the Alps's vibrant markets and historical sites on your next trip.
179,Customer Review,Excellent customer service and fast delivery made this purchase a pleasure.
180,Educational Content,The theory of relativity is a fundamental process in mathematics that involves understanding the nature of space and time.
181,Historical Event,The legacy of the Renaissance continues to influence modern environmental science.
182,User Manual,Install the app from the store and follow on-screen instructions to set up your tablet.
183,Customer Review,I highly recommend the EchoSphere earbuds for anyone needing reliable and durable equipment.
184,Movie Synopsis,"When the Moon landing threatens the realm, students must unite to restore peace."
185,Customer Review,I highly recommend the SmartHome thermostat for anyone needing reliable and durable equipment.
186,Health & Fitness,Regular strength training improves heart health and boosts mental clarity.
187,E-commerce FAQ,Q: What is the return policy? A: Items can be returned within 30 days with a receipt.
188,Historical Event,"During 1776, Petra experienced major social and political changes."
189,User Manual,Install the app from the store and follow on-screen instructions to set up your tablet.
190,User Manual,Navigate menus using the touchscreen; swipe left to access more features.
191,Book Review,A captivating narrative blending historical fiction elements with rich character development.
192,News Article,Scientists revealed breakthroughs in urbanization effects that could revolutionize the industry.
193,User Manual,"To reset the device, press and hold the power button for 15 seconds until the LED flashes."
194,Educational Content,"Basic principles of literacy include addition, subtraction, multiplication, and division."
195,Movie Synopsis,A reliable detective must uncover secrets in the city shrouded in mystery.
196,E-commerce FAQ,Q: How long does shipping take? A: Standard shipping takes 5-7 business days.
197,User Manual,"To reset the device, press and hold the power button for 20 seconds until the LED flashes."
198,Scientific Abstract,"This study examines the impact of climate change on marine ecosystems, revealing significant findings."
199,Travel Guide,"Discover the best spots in Petra, from cultural landmarks to local cuisine."
200,Travel Guide,"Discover the best spots in Petra, from cultural landmarks to local cuisine."
201,News Article,Local schools launch programs to boost education in STEM.
202,E-commerce FAQ,"Q: Does this jacket have waterproof capabilities? A: Yes, it is made with breathable waterproof fabric suitable for heavy rain."
203,News Article,Local schools launch programs to boost education in environmental science.
204,Legal Document,This agreement is made between Party A and Party B outlining terms of service.
205,Educational Content,The water cycle is a fundamental process in biology that involves understanding the nature of space and time.
206,User Manual,"To reset the device, press and hold the power button for 10 seconds until the LED flashes."
207,Job Posting,"Hiring a graphic designer skilled in cloud computing, graphic design to join a dynamic team focused on innovation."
208,Educational Content,"Basic principles of STEM include addition, subtraction, multiplication, and division."
209,Health & Fitness,Regular yoga improves heart health and boosts mental clarity.
210,Movie Synopsis,"When the Declaration of Independence threatens the realm, heroes must unite to restore peace."
211,Product Description,"Experience unparalleled sound quality with the FlexWatch, featuring noise cancellation and 9-hour battery life."
212,Movie Synopsis,"When the Moon landing threatens the realm, heroes must unite to restore peace."
213,Educational Content,"Basic principles of STEM include addition, subtraction, multiplication, and division."
214,News Article,The city council approved a new plan to improve cancer immunotherapy and reduce emissions.
215,Customer Review,I highly recommend the AeroBlade vacuum cleaner for anyone needing reliable and durable equipment.
216,Travel Guide,Explore Berlin's vibrant markets and historical sites on your next trip.
217,Book Review,'Galactic Odyssey' is a captivating tale exploring themes of resilience and love.
218,Health & Fitness,Regular cardio improves heart health and boosts mental clarity.
219,E-commerce FAQ,Q: What is the return policy? A: Items can be returned within 30 days with a receipt.
220,Job Posting,Join us as a graphic designer working on cutting-edge projects in finance.
221,E-commerce FAQ,Q: What is the return policy? A: Items can be returned within 30 days with a receipt.
222,Job Posting,Join us as a marketing manager working on cutting-edge projects in technology.
223,Product Description,"Experience unparalleled sound quality with the SmartHome thermostat, featuring noise cancellation and 20-hour battery life."
224,Product Description,"Experience unparalleled sound quality with the EchoSphere earbuds, featuring noise cancellation and 12-hour battery life."
225,E-commerce FAQ,Q: What is the return policy? A: Items can be returned within 30 days with a receipt.
226,Customer Review,Excellent customer service and fast delivery made this purchase a pleasure.
227,Travel Guide,A scenic trail near Berlin offers breathtaking views for hikers.
228,Product Description,"Experience unparalleled sound quality with the SmartHome thermostat, featuring noise cancellation and 22-hour battery life."
229,Historical Event,"During 1969, Kyoto experienced major social and political changes."
230,Educational Content,The water cycle is a fundamental process in earth science that involves performing calculations with numbers.
231,Historical Event,The legacy of the Moon landing continues to influence modern STEM.
232,Historical Event,"During 1961, Berlin experienced major social and political changes."
233,Health & Fitness,A balanced diet rich in whole grains supports overall wellness.
234,Travel Guide,"Discover the best spots in Berlin, from cultural landmarks to local cuisine."
235,User Manual,Install the app from the store and follow on-screen instructions to set up your tablet.
236,Travel Guide,"Discover the best spots in the Alps, from cultural landmarks to local cuisine."
237,Travel Guide,Explore the Alps's vibrant markets and historical sites on your next trip.
238,Health & Fitness,A balanced diet rich in vegetables supports overall wellness.
239,News Article,The city council approved a new plan to improve microplastic pollution and reduce emissions.
240,Legal Document,Licensing rights granted for a period of 3 years subject to renewal.
241,Product Description,"Upgrade your setup with the EchoSphere earbuds, equipped with energy efficiency and durable materials."
242,Job Posting,Join us as a marketing manager working on cutting-edge projects in finance.
243,Recipe,"Preheat the oven to 380째F. Mix tomatoes, spinach, chicken breasts in a bowl, then bake for 20 minutes."
244,Product Description,"Upgrade your setup with the EchoSphere earbuds, equipped with voice control and durable materials."
245,Movie Synopsis,A brave detective must uncover secrets in the city shrouded in mystery.
246,Travel Guide,Explore Bangkok's vibrant markets and historical sites on your next trip.
247,Book Review,An engaging story about Alice navigating betrayal with resilience.
248,Historical Event,The legacy of the fall of the Berlin Wall continues to influence modern STEM.
249,Job Posting,Join us as a software engineer working on cutting-edge projects in technology.
250,User Manual,"To reset the device, press and hold the power button for 20 seconds until the LED flashes."
