,id,category,text
0,1,Product Description,"Experience unparalleled sound quality with the EchoSphere wireless earbuds, featuring noise cancellation, 12-hour battery life, and an ergonomic design perfect for workouts."
1,2,Movie Synopsis,"In a world ravaged by climate change, a group of unlikely heroes embarks on a perilous journey to save humanity from extinction."
2,3,News Article,"The city council approved the new public transportation plan yesterday, aiming to reduce traffic congestion and lower carbon emissions by 2030."
3,4,Recipe,"Preheat the oven to 375Â°F. Mix flour, sugar, and eggs in a bowl, then fold in fresh blueberries. Bake for 25 minutes or until golden brown."
4,5,Travel Guide,"Discover the hidden gems of Kyoto, from tranquil temples to bustling markets, and experience authentic Japanese culture like never before."
5,6,Scientific Abstract,"This study investigates the effects of microplastic pollution on marine ecosystems, revealing significant impacts on coral reef health and biodiversity."
6,7,Book Review,"An evocative tale of love and loss, 'The Silent Horizon' beautifully captures the complexities of human relationships through vivid prose."
7,8,Job Posting,Looking for a skilled software engineer proficient in Python and cloud computing to join a fast-paced startup focused on AI-driven healthcare solutions.
8,9,User Manual,"To reset your device, hold the power button for 10 seconds until the LED indicator flashes. Release the button and wait for the system reboot."
9,10,Historical Event,"The Berlin Wall, constructed in 1961, symbolized the Cold War division between East and West Germany until its fall in 1989 sparked reunification."
10,11,Customer Review,The blender exceeded my expectations with its powerful motor and easy-to-clean design. Perfect for smoothies and soups!
11,12,Health & Fitness,Regular cardio workouts not only improve heart health but also boost mental clarity and reduce stress levels.
12,13,Legal Document,This agreement is entered into by and between Party A and Party B for the purpose of outlining the terms and conditions of service.
13,14,E-commerce FAQ,"Q: Does this jacket have waterproof capabilities? A: Yes, it is made with breathable waterproof fabric suitable for heavy rain."
14,15,Educational Content,"Photosynthesis is the process by which green plants convert sunlight into chemical energy, producing oxygen as a byproduct."
